{
  "best_metric": null,
  "best_model_checkpoint": null,
  "epoch": 62.5,
  "eval_steps": 500,
  "global_step": 1000,
  "is_hyper_param_search": false,
  "is_local_process_zero": true,
  "is_world_process_zero": true,
  "log_history": [
    {
      "epoch": 31.25,
      "grad_norm": 0.11059161275625229,
      "learning_rate": 8.217592592592593e-05,
      "loss": 0.1576,
      "step": 500
    },
    {
      "epoch": 62.5,
      "grad_norm": 0.13645093142986298,
      "learning_rate": 5.3240740740740744e-05,
      "loss": 0.0492,
      "step": 1000
    }
  ],
  "logging_steps": 500,
  "max_steps": 1920,
  "num_input_tokens_seen": 0,
  "num_train_epochs": 120,
  "save_steps": 500,
  "stateful_callbacks": {
    "TrainerControl": {
      "args": {
        "should_epoch_stop": false,
        "should_evaluate": false,
        "should_log": false,
        "should_save": true,
        "should_training_stop": false
      },
      "attributes": {}
    }
  },
  "total_flos": 76754434022400.0,
  "train_batch_size": 64,
  "trial_name": null,
  "trial_params": null
}
